identifiant;Prenom;Nom;R�gion;D�partement;Numéro de circonscription;Profession;Groupe politique (complet);Groupe politique (abr�g�)
608016;V�ronique;Louwagie;Normandie;Orne;2;Expert-comptable;Les R�publicains;LR
721560;Benjamin;Griveaux;Ile-de-France;Paris;5;Directeur communication et affaires publiques;La R�publique en Marche;LaREM
719528;Jean-Fran�ois;Portarrieu;Occitanie;Haute-Garonne;5;Journaliste;La R�publique en Marche;LaREM
719540;�lisabeth;Toutut-Picard;Occitanie;Haute-Garonne;7;Fonctionnaire de cat�gorie A;La R�publique en Marche;LaREM
721656;C�cile;Muschotti;Provence-Alpes-C�te d'Azur;Var;2;Directrice d�un centre de formation des apprentis ;La R�publique en Marche;LaREM
643103;Jean-Jacques;Ferrara;Corse;Corse-du-Sud;1;M�decin;Les R�publicains;LR
719154;Didier;Martin;Bourgogne-Franche-Comt�;C�te-d'Or;1;Neuroradiologue;La R�publique en Marche;LaREM
607619;Paul;Molac;Bretagne;Morbihan;4;Professeur du secondaire;Libert�s et Territoires;LT
719170;Fannette;Charvier;Bourgogne-Franche-Comt�;Doubs;1;Employ�e (autres entreprises publiques);La R�publique en Marche;LaREM
720354;Jean-Michel;Jacques;Bretagne;Morbihan;6;Infirmier des forces sp�ciales;La R�publique en Marche;LaREM
642935;Olivier;Becht;Grand Est;Haut-Rhin;5;Magistrat;Agir ensemble;Agir ens
2150;Jean-Luc;M�lenchon;Provence-Alpes-C�te d'Azur;Bouches-du-Rh�ne;4;Professeur;La France insoumise;FI
721336;Blandine;Brocard;Auvergne-Rh�ne-Alpes;Rh�ne;5;Employ�e (secteur priv�);Mouvement D�mocrate (MoDem) et D�mocrates apparent�s;Dem
2796;Guy;Teissier;Provence-Alpes-C�te d'Azur;Bouches-du-Rh�ne;6;Retrait�;Les R�publicains;LR
719942;St�phane;Baudu;Centre-Val de Loire;Loir-et-Cher;1;Charg� d'affaire en informatique;Mouvement D�mocrate (MoDem) et D�mocrates apparent�s;Dem
722194;Florence;Provendier;Ile-de-France;Hauts-de-Seine;10;Cadre dirigeant;La R�publique en Marche;LaREM
719994;Catherine;Kamowski;Auvergne-Rh�ne-Alpes;Is�re;5;Professeur du secondaire et technique;La R�publique en Marche;LaREM
718838;Fabrice;Brun;Auvergne-Rh�ne-Alpes;Ard�che;3;Industriel-Chef d'entreprise;Les R�publicains;LR
608695;C�cile;Untermaier;Bourgogne-Franche-Comt�;Sa�ne-et-Loire;4;Fonctionnaire des grands corps de l'�tat;Socialistes et apparent�s;SOC
607155;Yves;Daniel;Pays de la Loire;Loire-Atlantique;6;Agriculteur-propri�taire retrait�;La R�publique en Marche;LaREM
722308;Nathalie;Serre;Auvergne-Rh�ne-Alpes;Rh�ne;8;M�re au foyer;Les R�publicains;LR
720996;M'jid;El Guerrab;Fran�ais �tablis hors de France;Fran�ais �tablis hors de France;9;Autre cadre (secteur priv�);Agir ensemble;Agir ens
604;Bernard;Bouley;Ile-de-France;Essonne;2;Chef d'entreprise;Les R�publicains;LR
607090;Jean-Pierre;Vigier;Auvergne-Rh�ne-Alpes;Haute-Loire;2;Fonctionnaire de cat�gorie A;Les R�publicains;LR
720862;Fr�d�ric;Descrozaille;Ile-de-France;Val-de-Marne;1;Autre cadre (secteur priv�);La R�publique en Marche;LaREM
722038;Damien;Adam;Normandie;Seine-Maritime;1;Cadre sup�rieur (secteur priv�);La R�publique en Marche;LaREM
720644;J�r�me;Nury;Normandie;Orne;3;Cadre de la fonction publique;Les R�publicains;LR
334116;Jacqueline;Maquet;Hauts-de-France;Pas-de-Calais;2;Directrice de mission;La R�publique en Marche;LaREM
717167;Mounir;Mahjoubi;Ile-de-France;Paris;16;Autre profession lib�rale;La R�publique en Marche;LaREM
331835;Monique;Iborra;Occitanie;Haute-Garonne;6;Retrait�e de la Fonction publique;La R�publique en Marche;LaREM
719286;Paul-Andr�;Colombani;Corse;Corse-du-Sud;2;M�decin;Libert�s et Territoires;LT
721678;Robin;Reda;Ile-de-France;Essonne;7;Autres;Les R�publicains;LR
719302;Alice;Thourot;Auvergne-Rh�ne-Alpes;Dr�me;2;Avocat;La R�publique en Marche;LaREM
343493;Gwendal;Rouillard;Bretagne;Morbihan;5;Cadre du secteur public;La R�publique en Marche;LaREM
605963;�ric;Alauzet;Bourgogne-Franche-Comt�;Doubs;2;M�decin;La R�publique en Marche;LaREM
720362;Belkhir;Belhaddad;Grand Est;Moselle;1;Industriel-Chef d'entreprise;La R�publique en Marche;LaREM
718944;Cathy;Racon-Bouzon;Provence-Alpes-C�te d'Azur;Bouches-du-Rh�ne;5;Cadre sup�rieur (secteur priv�);La R�publique en Marche;LaREM
721036;L�na�ck;Adam;Guyane;Guyane;2;Cadre sup�rieur (entreprises priv�e);La R�publique en Marche;LaREM
721344;Bruno;Bonnell;Auvergne-Rh�ne-Alpes;Rh�ne;6;Industriel-Chef d'entreprise;La R�publique en Marche;LaREM
718954;Sa�d;Ahamada;Provence-Alpes-C�te d'Azur;Bouches-du-Rh�ne;7;Fonctionnaire de cat�gorie A;La R�publique en Marche;LaREM
607395;St�phane;Travert;Normandie;Manche;3;Cadre commercial;La R�publique en Marche;LaREM
267260;B�reng�re;Poletti;Grand Est;Ardennes;1;Sage-femme;Les R�publicains;LR
720014;Huguette;Tiegna;Occitanie;Lot;2;Docteur; Ing�nieur Recherche et D�velopement;LaREM
722240;Pierre;Venteau;Nouvelle-Aquitaine;Haute-Vienne;2;Cadre d'organisation professionnelle agricole;La R�publique en Marche;LaREM
2952;Jean-Luc;Warsmann;Grand Est;Ardennes;3;Sans profession;UDI et Ind�pendants;UDI-I
721004;Am�lia;Lakrafi;Fran�ais �tablis hors de France;Fran�ais �tablis hors de France;10;Chef d'entreprise;La R�publique en Marche;LaREM
720672;Robert;Therry;Hauts-de-France;Pas-de-Calais;4;Agriculteur retrait�;Les R�publicains;LR
337483;Serge;Letchimy;Martinique;Martinique;3;Urbaniste;Socialistes et apparent�s;SOC
340357;Mich�le;Victory;Auvergne-Rh�ne-Alpes;Ard�che;2;Professeur de lettres-anglais en lyc�e professionnel;Socialistes et apparent�s;SOC
722046;Aurore;Berg�;Ile-de-France;Yvelines;10;Cadre sup�rieur (secteur priv�);La R�publique en Marche;LaREM
719668;Patricia;Mirall�s;Occitanie;H�rault;1;Fonctionnaire de cat�gorie C;La R�publique en Marche;LaREM
722062;Florence;Granjus;Ile-de-France;Yvelines;12;Cadre sup�rieur (entreprises publiques);La R�publique en Marche;LaREM
719684;Coralie;Dubost;Occitanie;H�rault;3;Conseiller juridique;La R�publique en Marche;LaREM
720652;Bruno;Duverg�;Hauts-de-France;Pas-de-Calais;1;Cadre sup�rieur (secteur priv�);Mouvement D�mocrate (MoDem) et D�mocrates apparent�s;Dem
720664;Jos�;Evrard;Hauts-de-France;Pas-de-Calais;3;Retrait� de la fonction publique (hors enseignement);Non inscrit;NI
722280;Philippe;Meyer;Grand Est;Bas-Rhin;6;Enseignant;Les R�publicains;LR
719550;Liliana;Tanguy;Bretagne;Finist�re;7;Cadre sup�rieur du secteur public ;La R�publique en Marche;LaREM
719294;Mireille;Clapot;Auvergne-Rh�ne-Alpes;Dr�me;1;Cadre sup�rieur (entreprises publiques);La R�publique en Marche;LaREM
1206;Nicolas;Dupont-Aignan;Ile-de-France;Essonne;8;Administrateur civil;Non inscrit;NI
719310;C�lia;de Lavergne;Auvergne-Rh�ne-Alpes;Dr�me;3;Ing�nieur;La R�publique en Marche;LaREM
267450;R�mi;Delatte;Bourgogne-Franche-Comt�;C�te-d'Or;2;Agriculteur;Les R�publicains;LR
720370;Ludovic;Mendes;Grand Est;Moselle;2;Cadre sup�rieur (secteur priv�);La R�publique en Marche;LaREM
719194;Yolaine;de Courson;Bourgogne-Franche-Comt�;C�te-d'Or;4;Chef d'entreprise retrait�e;Non inscrit;NI
721352;Dani�le;Cazarian;Auvergne-Rh�ne-Alpes;Rh�ne;13;Administratrice de soci�t�s;La R�publique en Marche;LaREM
718962;Jean-Marc;Zulesi;Provence-Alpes-C�te d'Azur;Bouches-du-Rh�ne;8;Autre cadre (secteur priv�);La R�publique en Marche;LaREM
643157;Philippe;Naillet;R�union;R�union;1;Inspecteur assurance-vie;Socialistes et apparent�s;SOC
721364;Rapha�l;Gauvain;Bourgogne-Franche-Comt�;Sa�ne-et-Loire;5;Avocat;La R�publique en Marche;LaREM
718850;Pierre;Cordier;Grand Est;Ardennes;2;Fonctionnaire de cat�gorie A;Les R�publicains;LR
767;Jacques;Cattin;Grand Est;Haut-Rhin;2;Viticulteur n�gociant;Les R�publicains;LR
720022;Michel;Lauzzana;Nouvelle-Aquitaine;Lot-et-Garonne;1;M�decin;La R�publique en Marche;LaREM
718860;B�n�dicte;Taurine;Occitanie;Ari�ge;1;Professeur du secondaire et technique;La France insoumise;FI
720038;Sandrine;Josso;Pays de la Loire;Loire-Atlantique;7;Autre profession lib�rale;Mouvement D�mocrate (MoDem) et D�mocrates apparent�s;Dem
610654;Jean-Philippe;Nilor;Martinique;Martinique;4;Collaborateur parlementaire;Gauche d�mocrate et r�publicaine;GDR
719676;Muriel;Ressiguier;Occitanie;H�rault;2;Employ�e (autres entreprises publiques);La France insoumise;FI
722070;Pierre;Henriet;Pays de la Loire;Vend�e;5;Professeur du secondaire et technique;La R�publique en Marche;LaREM
719692;Jean-Fran�ois;Eliaou;Occitanie;H�rault;4;M�decin;La R�publique en Marche;LaREM
719558;Erwan;Balanant;Bretagne;Finist�re;8;Photographe et r�alisateur;Mouvement D�mocrate (MoDem) et D�mocrates apparent�s;Dem
721690;Buon;Tan;Ile-de-France;Paris;9;Chef d'entreprise;La R�publique en Marche;LaREM
719318;Emmanuelle;Anthoine;Auvergne-Rh�ne-Alpes;Dr�me;4;Avocate;Les R�publicains;LR
755549;Sylvain;Brial;Wallis-et-Futuna;Wallis-et-Futuna;1;chef d'entreprise;Libert�s et Territoires;LT
721702;Jean-Michel;Fauvergue;Ile-de-France;Seine-et-Marne;8;Haut fonctionnaire dans la Police nationale;La R�publique en Marche;LaREM
719186;Fadila;Khattabi;Bourgogne-Franche-Comt�;C�te-d'Or;3;Professeur d'anglais CFA                   ;La R�publique en Marche;LaREM
720378;Richard;Lioger;Grand Est;Moselle;3;Professeur des Universit�s;La R�publique en Marche;LaREM
719202;Didier;Paris;Bourgogne-Franche-Comt�;C�te-d'Or;5;Cadre sup�rieur (secteur priv�);La R�publique en Marche;LaREM
720394;Nicole;Trisse;Grand Est;Moselle;5;Salari�e du secteur m�dical;La R�publique en Marche;LaREM
608641;Yves;Blein;Auvergne-Rh�ne-Alpes;Rh�ne;14;Cadre sup�rieur du secteur priv�;La R�publique en Marche;LaREM
1029;Bernard;Deflesselles;Provence-Alpes-C�te d'Azur;Bouches-du-Rh�ne;9;Ing�nieur;Les R�publicains;LR
721372;Damien;Pichereau;Pays de la Loire;Sarthe;1;Employ� (secteur priv�);La R�publique en Marche;LaREM
718978;Mohamed;Laqhila;Provence-Alpes-C�te d'Azur;Bouches-du-Rh�ne;11;Expert-Comptable-Commissaire aux Comptes;Mouvement D�mocrate (MoDem) et D�mocrates apparent�s;Dem
722082;Fran�oise;Ballet-Blu;Nouvelle-Aquitaine;Vienne;1;Chef d'entreprise;La R�publique en Marche;LaREM
720030;Alexandre;Freschi;Nouvelle-Aquitaine;Lot-et-Garonne;2;Dirigeant de soci�t�;La R�publique en Marche;LaREM
718868;Michel;Larive;Occitanie;Ari�ge;2;Profession rattach�e � l'enseignement;La France insoumise;FI
720046;Audrey;Dufeu;Pays de la Loire;Loire-Atlantique;8;Directrice �tablissement de sant�;La R�publique en Marche;LaREM
721024;Anne;Genetet;Fran�ais �tablis hors de France;Fran�ais �tablis hors de France;11;M�decin;La R�publique en Marche;LaREM
722202;S�bastien;Jumel;Normandie;Seine-Maritime;6;Permanent politique;Gauche d�mocrate et r�publicaine;GDR
642764;Jo�l;Aviragnet;Occitanie;Haute-Garonne;8;Directeur d'un �tablissement pour l'enfance handicap�e;Socialistes et apparent�s;SOC
719700;Philippe;Hupp�;Occitanie;H�rault;5;Homme de lettres et artiste;Agir ensemble;Agir ens
722094;Christine;Hennion;Ile-de-France;Hauts-de-Seine;3;Cadre sup�rieur (secteur priv�);La R�publique en Marche;LaREM
2449;Jean-Pierre;Pont;Hauts-de-France;Pas-de-Calais;5;M�decin;La R�publique en Marche;LaREM
720516;Florence;Morlighem;Hauts-de-France;Nord;11;Syndic de copropri�t�;La R�publique en Marche;LaREM
720684;Pierre-Henri;Dumont;Hauts-de-France;Pas-de-Calais;7;Collaborateur parlementaire;Les R�publicains;LR
606202;Fran�oise;Dumas;Occitanie;Gard;1;Cadre sup�rieur de la fonction publique; directeur territorial;LaREM
643205;Anne-Christine;Lang;Ile-de-France;Paris;10;Cadre territorial;La R�publique en Marche;LaREM
721710;Mich�le;Peyron;Ile-de-France;Seine-et-Marne;9;Autre cadre (secteur priv�);La R�publique en Marche;LaREM
719338;Graziella;Melchior;Bretagne;Finist�re;5;Professeure agr�g�e du sup�rieur;La R�publique en Marche;LaREM
721666;Edith;Audibert;Provence-Alpes-C�te d'Azur;Var;3;Retrait�e;Les R�publicains;LR
720386;Fabien;Di Filippo;Grand Est;Moselle;4;Cadre du secteur priv�;Les R�publicains;LR
719210;Bruno;Joncour;Bretagne;C�tes-d'Armor;1;Secr�taire administratif des affaires sanitaires et sociales;Mouvement D�mocrate (MoDem) et D�mocrates apparent�s;Dem
720402;Xavier;Paluszkiewicz;Grand Est;Meurthe-et-Moselle;3;Employ� (secteur priv�);La R�publique en Marche;LaREM
605518;Fran�ois-Michel;Lambert;Provence-Alpes-C�te d'Azur;Bouches-du-Rh�ne;10;Profession lib�rale;Libert�s et Territoires;LT
335054;Marietta;Karamanli;Pays de la Loire;Sarthe;2;Professeur dans l'enseignement sup�rieur;Socialistes et apparent�s;SOC
267440;�ric;Diard;Provence-Alpes-C�te d'Azur;Bouches-du-Rh�ne;12;Avocat;Les R�publicains;LR
718876;Gr�gory;Besson-Moreau;Grand Est;Aube;1;Pr�sident de soci�t�;La R�publique en Marche;LaREM
720054;Yannick;Haury;Pays de la Loire;Loire-Atlantique;9;Pharmacien;La R�publique en Marche;LaREM
2155;G�rard;Menuel;Grand Est;Aube;3;Agriculteur;Les R�publicains;LR
610667;Gabriel;Serville;Guyane;Guyane;1;Professeur de Math�matiques - Proviseur ;Gauche d�mocrate et r�publicaine;GDR
267780;Agn�s;Firmin Le Bodo;Normandie;Seine-Maritime;7;Pharmacien;Agir ensemble;Agir ens
508;Gis�le;Bi�mouret;Occitanie;Gers;2;Assistante parlementaire;Socialistes et apparent�s;SOC
722102;Annie;Vidal;Normandie;Seine-Maritime;2;Charg�e de projet;La R�publique en Marche;LaREM
719718;Laurence;Maillart-M�haignerie;Bretagne;Ille-et-Vilaine;2;Chef entreprise;La R�publique en Marche;LaREM
720692;Fabien;Roussel;Hauts-de-France;Nord;20;Attach� parlementaire;Gauche d�mocrate et r�publicaine;GDR
721844;B�atrice;Piron;Ile-de-France;Yvelines;3;Chef d'entreprise;La R�publique en Marche;LaREM
719330;Fabien;Gouttefarde;Normandie;Eure;2;Fonctionnaire de cat�gorie A;La R�publique en Marche;LaREM
721718;St�phanie;Do;Ile-de-France;Seine-et-Marne;10;Fonctionnaire de cat�gorie A;La R�publique en Marche;LaREM
606171;Richard;Ferrand;Bretagne;Finist�re;6;Cadre du secteur priv�;La R�publique en Marche;LaREM
720802;Catherine;Pujol;Occitanie;Pyr�n�es-Orientales;2;non communiqu�;Non inscrit;NI
719218;Herv�;Berville;Bretagne;C�tes-d'Armor;2;Autre cadre (secteur priv�);La R�publique en Marche;LaREM
642847;Thibault;Bazin;Grand Est;Meurthe-et-Moselle;4;Autre cadre (secteur priv�);Les R�publicains;LR
721384;Pascale;Fontenel-Personne;Pays de la Loire;Sarthe;3;Industriel-Chef d'entreprise;Mouvement D�mocrate (MoDem) et D�mocrates apparent�s;Dem
718990;Anne;Blanc;Occitanie;Aveyron;2;Infirmi�re dipl�m�e d'Etat;La R�publique en Marche;LaREM
267318;Jean-Carles;Grelier;Pays de la Loire;Sarthe;5;Avocat;Les R�publicains;LR
718884;Val�rie;Bazin-Malgras;Grand Est;Aube;2;Commer�ante;Les R�publicains;LR
607193;Sophie;Errante;Pays de la Loire;Loire-Atlantique;10;Industriel-Chef d'entreprise;La R�publique en Marche;LaREM
330240;�ric;Ciotti;Provence-Alpes-C�te d'Azur;Alpes-Maritimes;1;Autre profession;Les R�publicains;LR
720074;Caroline;Janvier;Centre-Val de Loire;Loiret;2;Autre cadre (secteur priv�);La R�publique en Marche;LaREM
330008;Xavier;Breton;Auvergne-Rh�ne-Alpes;Ain;1;Cadre territorial;Les R�publicains;LR
774958;G�rard;Leseul;Normandie;Seine-Maritime;5;Cadre d'entreprise / enseignant universitaire;Socialistes et apparent�s;SOC
335612;Jean-Paul;Lecoq;Normandie;Seine-Maritime;8;Fonctionnaire de cat�gorie B;Gauche d�mocrate et r�publicaine;GDR
718674;Olga;Givernet;Auvergne-Rh�ne-Alpes;Ain;3;Ing�nieure a�ronautique;La R�publique en Marche;LaREM
346054;Emmanuel;Maquet;Hauts-de-France;Somme;3;Agent g�n�ral d'assurances;Les R�publicains;LR
719710;Dominique;David;Nouvelle-Aquitaine;Gironde;1;Cadre sup�rieur (secteur priv�);La R�publique en Marche;LaREM
722110;Hubert;Wulfranc;Normandie;Seine-Maritime;3;Profession rattach�e � l'enseignement;Gauche d�mocrate et r�publicaine;GDR
720696;B�atrice;Descamps;Hauts-de-France;Nord;21;Enseignant 1er deg.-directeur �cole;UDI et Ind�pendants;UDI-I
721852;Marie;Lebec;Ile-de-France;Yvelines;4;Consultante en affaires publiques;La R�publique en Marche;LaREM
721726;Sereine;Mauborgne;Provence-Alpes-C�te d'Azur;Var;4;Infirmi�re lib�rale;La R�publique en Marche;LaREM
719350;Marie;Tamarelle-Verhaeghe;Normandie;Eure;3;M�decin;La R�publique en Marche;LaREM
721742;Isabelle;Florennes;Ile-de-France;Hauts-de-Seine;4;Fonctionnaire de cat�gorie A;Mouvement D�mocrate (MoDem) et D�mocrates apparent�s;Dem
1874;Marc;Le Fur;Bretagne;C�tes-d'Armor;3;Sous-pr�fet;Les R�publicains;LR
607553;Dominique;Potier;Grand Est;Meurthe-et-Moselle;5;Agriculteur;Socialistes et apparent�s;SOC
720422;Adrien;Quatennens;Hauts-de-France;Nord;1;Employ� (secteur priv�);La France insoumise;FI
709315;Arnaud;Viala;Occitanie;Aveyron;3;Profession rattach�e � l'enseignement;Les R�publicains;LR
721398;Typhanie;Degois;Auvergne-Rh�ne-Alpes;Savoie;1;Juriste;La R�publique en Marche;LaREM
719006;Fabrice;Le Vigoureux;Normandie;Calvados;1;Professeur des Universit�s;La R�publique en Marche;LaREM
722090;B�n�dicte;P�telle;Ile-de-France;Hauts-de-Seine;2;Professeur des �coles (sp�cialit� fran�ais langue �trang�re);La R�publique en Marche;LaREM
720066;St�phanie;Rist;Centre-Val de Loire;Loiret;1;M�decin;La R�publique en Marche;LaREM
774956;Yves;Hemedinger;Grand Est;Haut-Rhin;1;Cadre du secteur priv�;Les R�publicains;LR
718894;Lo�c;Dombreval;Provence-Alpes-C�te d'Azur;Alpes-Maritimes;2;Chef d'entreprise;La R�publique en Marche;LaREM
267735;Claude;de Ganay;Centre-Val de Loire;Loiret;3;;Les R�publicains;LR
342196;Claudia;Rouaux;Bretagne;Ille-et-Vilaine;3;Gestionnaire � l'INRAE;Socialistes et apparent�s;SOC
1012;Charles;de la Verpilli�re;Auvergne-Rh�ne-Alpes;Ain;2;Conseiller d'�tat;Les R�publicains;LR
774952;Philippe;Benassaya;Ile-de-France;Yvelines;11;Conseiller en communication;Les R�publicains;LR
721046;Nathalie;Bassire;R�union;R�union;3;Retrait�e de l'enseignement;Les R�publicains;LR
718682;St�phane;Trompille;Auvergne-Rh�ne-Alpes;Ain;4;Employ� de banque;La R�publique en Marche;LaREM
722228;Jean-Claude;Leclabart;Hauts-de-France;Somme;4;Retrait� agricole;La R�publique en Marche;LaREM
722118;Sira;Sylla;Normandie;Seine-Maritime;4;Avocate;La R�publique en Marche;LaREM
719728;Ga�l;Le Bohec;Bretagne;Ille-et-Vilaine;4;Entrepreneur;La R�publique en Marche;LaREM
335999;Delphine;Batho;Nouvelle-Aquitaine;Deux-S�vres;2;Cadre territorial;Non inscrit;NI
998;Olivier;Dassault;Hauts-de-France;Oise;1;Pr�sident de soci�t�s;Les R�publicains;LR
720704;Laurence;Vichnievsky;Auvergne-Rh�ne-Alpes;Puy-de-D�me;3;Magistrat;Mouvement D�mocrate (MoDem) et D�mocrates apparent�s;Dem
721734;Philippe;Michel-Kleisbauer;Provence-Alpes-C�te d'Azur;Var;5;Conseiller juridique;Mouvement D�mocrate (MoDem) et D�mocrates apparent�s;Dem
643127;Bruno;Questel;Normandie;Eure;4;Avocat;La R�publique en Marche;LaREM
719002;Julien;Ravier;Provence-Alpes-C�te d'Azur;Bouches-du-Rh�ne;1;Directeur des relations institutionnelles et m�dias;Les R�publicains;LR
721750;C�line;Calvez;Ile-de-France;Hauts-de-Seine;5;Consultante communication;La R�publique en Marche;LaREM
719372;Guillaume;Kasbarian;Centre-Val de Loire;Eure-et-Loir;1;Cadre sup�rieur (secteur priv�);La R�publique en Marche;LaREM
719660;Christelle;Dubos;Nouvelle-Aquitaine;Gironde;12;Directrice d'un service emploi et solidarit�s;La R�publique en Marche;LaREM
721522;Xavier;Batut;Normandie;Seine-Maritime;10;Autre cadre (secteur priv�);La R�publique en Marche;LaREM
721832;Sandra;Bo�lle;Ile-de-France;Paris;14;;Les R�publicains;LR
720414;Patrice;Perrot;Bourgogne-Franche-Comt�;Ni�vre;2;Industriel-Chef d'entreprise;La R�publique en Marche;LaREM
720430;Ugo;Bernalicis;Hauts-de-France;Nord;2;Fonctionnaire de cat�gorie A;La France insoumise;FI
266808;Vincent;Rolland;Auvergne-Rh�ne-Alpes;Savoie;2;Collaborateur parlementaire;Les R�publicains;LR
1198;Laurence;Dumont;Normandie;Calvados;2;Charg�e d'�tudes;Socialistes et apparent�s;SOC
718902;C�dric;Roussel;Provence-Alpes-C�te d'Azur;Alpes-Maritimes;3;Conseiller en gestion de patrimoine ind�pendant;La R�publique en Marche;LaREM
774960;Isabelle;Santiago;Ile-de-France;Val-de-Marne;9;Cadre territorial;Socialistes et apparent�s;SOC
721054;David;Lorion;R�union;R�union;4;Ma�tre de conf�rences � l'Universit�;Les R�publicains;LR
605069;Jean-Louis;Bricout;Hauts-de-France;Aisne;3;Cadre (secteur priv�);Socialistes et apparent�s;SOC
721070;Nadia;Ramassamy;R�union;R�union;6;M�decin;Les R�publicains;LR
722126;Guillaume;Chiche;Nouvelle-Aquitaine;Deux-S�vres;1;Autre cadre (secteur priv�);Non inscrit;NI
722134;Jean-Marie;Fi�vet;Nouvelle-Aquitaine;Deux-S�vres;3;Fonctionnaire de cat�gorie B;La R�publique en Marche;LaREM
719748;�milie;Chalas;Auvergne-Rh�ne-Alpes;Is�re;3;Fonctionnaire de cat�gorie A;La R�publique en Marche;LaREM
608172;Christine;Pires Beaune;Auvergne-Rh�ne-Alpes;Puy-de-D�me;2;Fonctionnaire de cat�gorie A;Socialistes et apparent�s;SOC
336316;Jean-Claude;Bouchet;Provence-Alpes-C�te d'Azur;Vaucluse;2;G�rant de soci�t�;Les R�publicains;LR
1276;Michel;Fanget;Auvergne-Rh�ne-Alpes;Puy-de-D�me;4;Cardiologue;Mouvement D�mocrate (MoDem) et D�mocrates apparent�s;Dem
721880;Marie;Gu�venoux;Ile-de-France;Essonne;9;Collaborateur politique;La R�publique en Marche;LaREM
719364;Claire;O'Petit;Normandie;Eure;5;Retrait�e artisan;La R�publique en Marche;LaREM
717151;Marielle;de Sarnez;Ile-de-France;Paris;11;;Mouvement D�mocrate (MoDem) et D�mocrates apparent�s;Dem
606098;Olivier;Marleix;Centre-Val de Loire;Eure-et-Loir;2;Fonctionnaire de cat�gorie A;Les R�publicains;LR
605131;Christophe;Castaner;Provence-Alpes-C�te d'Azur;Alpes-de-Haute-Provence;2;Autre profession;La R�publique en Marche;LaREM
721538;Muriel;Roques-Etienne;Occitanie;Tarn;1;Expert comptable et commissaire aux comptes;La R�publique en Marche;LaREM
721872;Brune;Poirson;Provence-Alpes-C�te d'Azur;Vaucluse;3;Profession lib�rale;La R�publique en Marche;LaREM
721530;Aude;Luquet;Ile-de-France;Seine-et-Marne;1;Autre profession;Mouvement D�mocrate (MoDem) et D�mocrates apparent�s;Dem
720438;Christophe;Di Pompeo;Hauts-de-France;Nord;3;Professeur de facult�;La R�publique en Marche;LaREM
721410;�milie;Bonnivard;Auvergne-Rh�ne-Alpes;Savoie;3;Cadre � la Caisse des D�p�ts et Consignations;Les R�publicains;LR
721426;V�ronique;Riotton;Auvergne-Rh�ne-Alpes;Haute-Savoie;1;Consultante-Coach en Ressources Humaines;La R�publique en Marche;LaREM
718910;Claire;Pitollat;Provence-Alpes-C�te d'Azur;Bouches-du-Rh�ne;2;Ing�nieur;La R�publique en Marche;LaREM
342935;Marianne;Dubois;Centre-Val de Loire;Loiret;5;Sans profession d�clar�e;Les R�publicains;LR
774962;Karine;Lebon;R�union;R�union;2;Professeure des �coles;Gauche d�mocrate et r�publicaine;GDR
720100;Aur�lien;Pradi�;Occitanie;Lot;1;Cadre sup�rieur (secteur priv�);Les R�publicains;LR
721062;Jean-Hugues;Ratenon;R�union;R�union;5;Employ� (secteur priv�);La France insoumise;FI
718694;Marc;Delatte;Hauts-de-France;Aisne;4;M�decin;La R�publique en Marche;LaREM
722244;Marie-Ange;Magne;Nouvelle-Aquitaine;Haute-Vienne;3;Contractuelle de la fonction publique territoriale;La R�publique en Marche;LaREM
722260;C�dric;Villani;Ile-de-France;Essonne;5;Professeur de facult�;Non inscrit;NI
719740;Jean-Charles;Colas-Roy;Auvergne-Rh�ne-Alpes;Is�re;2;Ing�nieur;La R�publique en Marche;LaREM
722142;Fran�ois;Ruffin;Hauts-de-France;Somme;1;Reporter;La France insoumise;FI
719756;Christine;Cloarec-Le Nabour;Bretagne;Ille-et-Vilaine;5;Employ�e (secteur priv�);La R�publique en Marche;LaREM
267306;Andr�;Chassaigne;Auvergne-Rh�ne-Alpes;Puy-de-D�me;5;Retrait� de l'�ducation nationale;Gauche d�mocrate et r�publicaine;GDR
721888;Pierre-Alain;Raphan;Ile-de-France;Essonne;10;Directeur d'un cabinet de conseil;La R�publique en Marche;LaREM
331567;Laure;de La Raudi�re;Centre-Val de Loire;Eure-et-Loir;3;Chef d'entreprise;Agir ensemble;Agir ens
721776;Didier;Baich�re;Ile-de-France;Yvelines;1;Directeur des Ressources Humaines;La R�publique en Marche;LaREM
721674;St�phanie;Atger;Ile-de-France;Essonne;6;Ecrivain public;La R�publique en Marche;LaREM
720446;Brigitte;Liso;Hauts-de-France;Nord;4;Commer�ant;La R�publique en Marche;LaREM
267766;Guy;Bricout;Hauts-de-France;Nord;18;Retrait� fonction publique (hors enseignement);UDI et Ind�pendants;UDI-I
721418;Patrick;Mignola;Auvergne-Rh�ne-Alpes;Savoie;4;Industriel-Chef d'entreprise;Mouvement D�mocrate (MoDem) et D�mocrates apparent�s;Dem
719024;Christophe;Blanchet;Normandie;Calvados;4;Commer�ant;Mouvement D�mocrate (MoDem) et D�mocrates apparent�s;Dem
721434;Fr�d�rique;Lardet;Auvergne-Rh�ne-Alpes;Haute-Savoie;2;Cadre d'entreprise;La R�publique en Marche;LaREM
2828;Alain;Tourret;Normandie;Calvados;6;Avocat;La R�publique en Marche;LaREM
721194;Fr�d�rique;Dumas;Ile-de-France;Hauts-de-Seine;13;Industriel-Chef d'entreprise;Libert�s et Territoires;LT
720092;Richard;Ramos;Centre-Val de Loire;Loiret;6;Autre cadre (secteur priv�);Mouvement D�mocrate (MoDem) et D�mocrates apparent�s;Dem
720108;Val�rie;Oppelt;Pays de la Loire;Loire-Atlantique;2;Administrateur de soci�t�s;La R�publique en Marche;LaREM
605084;Jacques;Krabal;Hauts-de-France;Aisne;5;Retrait� de l'enseignement;La R�publique en Marche;LaREM
722252;Marie-Pierre;Rixain;Ile-de-France;Essonne;4;Consultante en communication;La R�publique en Marche;LaREM
718710;Pascale;Boyer;Provence-Alpes-C�te d'Azur;Hautes-Alpes;1;;La R�publique en Marche;LaREM
722268;Martine;Wonner;Grand Est;Bas-Rhin;4;Directrice m�dicale et directrice de d�veloppement en entreprise;Libert�s et Territoires;LT
342601;Pascal;Brindeau;Centre-Val de Loire;Loir-et-Cher;3;Juriste consultant;UDI et Ind�pendants;UDI-I
721166;Samantha;Cazebonne;Fran�ais �tablis hors de France;Fran�ais �tablis hors de France;5;Profession rattach�e � l'enseignement;La R�publique en Marche;LaREM
722150;Sacha;Houli�;Nouvelle-Aquitaine;Vienne;2;Avocat;La R�publique en Marche;LaREM
332228;Thierry;Benoit;Bretagne;Ille-et-Vilaine;6;Repr�sentant de commerce;UDI et Ind�pendants;UDI-I
721012;Manu�la;K�clard-Mond�sir;Martinique;Martinique;2;technicienne territoriale;Gauche d�mocrate et r�publicaine;GDR
722162;Nicolas;Turquois;Nouvelle-Aquitaine;Vienne;4;Agriculteur-propri�taire exploitant;Mouvement D�mocrate (MoDem) et D�mocrates apparent�s;Dem
720720;Josy;Poueyto;Nouvelle-Aquitaine;Pyr�n�es-Atlantiques;1;Retrait�e de la fonction publique (hors enseignement);Mouvement D�mocrate (MoDem) et D�mocrates apparent�s;Dem
721896;Elsa;Faucillon;Ile-de-France;Hauts-de-Seine;1;Employ�e du secteur priv�;Gauche d�mocrate et r�publicaine;GDR
1592;David;Habib;Nouvelle-Aquitaine;Pyr�n�es-Atlantiques;3;Cadre;Socialistes et apparent�s;SOC
609332;Olivier;Faure;Ile-de-France;Seine-et-Marne;11;Cadre sup�rieur (secteur priv�);Socialistes et apparent�s;SOC
331582;Philippe;Vigier;Centre-Val de Loire;Eure-et-Loir;4;Biologiste A.I.H.P.;Mouvement D�mocrate (MoDem) et D�mocrates apparent�s;Dem
332747;Fran�ois;de Rugy;Pays de la Loire;Loire-Atlantique;1;Assistant parlementaire;La R�publique en Marche;LaREM
721784;Val�rie;Gomez-Bassac;Provence-Alpes-C�te d'Azur;Var;6;Ma�tre de conf�rences;La R�publique en Marche;LaREM
719396;Jean-Charles;Larsonneur;Bretagne;Finist�re;2;Diplomate;Agir ensemble;Agir ens
267785;Guillaume;Larriv�;Bourgogne-Franche-Comt�;Yonne;1;Ma�tre des requ�tes au Conseil d'�tat-Avocat;Les R�publicains;LR
720454;Dimitri;Houbron;Hauts-de-France;Nord;17;Conseiller juridique;Agir ensemble;Agir ens
720468;S�bastien;Chenu;Hauts-de-France;Nord;19;Conseiller en communication;Non inscrit;NI
719032;Bertrand;Bouyx;Normandie;Calvados;5;Pharmacien;La R�publique en Marche;LaREM
267527;Martial;Saddier;Auvergne-Rh�ne-Alpes;Haute-Savoie;3;Ancien cadre � la Chambre d'agriculture d'Annecy;Les R�publicains;LR
719044;Nadia;Essayan;Centre-Val de Loire;Cher;2;Cadre associatif;Mouvement D�mocrate (MoDem) et D�mocrates apparent�s;Dem
942;Charles;de Courson;Grand Est;Marne;5;Ancien magistrat � la Cour des comptes;Libert�s et Territoires;LT
724827;Ramlati;Ali;Mayotte;Mayotte;1;M�decin;La R�publique en Marche;LaREM
721202;�ric;Coquerel;Ile-de-France;Seine-Saint-Denis;1;Industriel-Chef d'entreprise;La France insoumise;FI
720116;Anne-France;Brunet;Pays de la Loire;Loire-Atlantique;3;Chef d'entreprise;La R�publique en Marche;LaREM
267901;Mansour;Kamardine;Mayotte;Mayotte;2;Avocat;Les R�publicains;LR
267355;Antoine;Herth;Grand Est;Bas-Rhin;5;Agriculteur;Agir ensemble;Agir ens
610775;Philippe;Gom�s;Nouvelle-Cal�donie;Nouvelle-Cal�donie;2;Cadre sup�rieur de la fonction publique;UDI et Ind�pendants;UDI-I
336439;Jean-Michel;Cl�ment;Nouvelle-Aquitaine;Vienne;3;Avocat;Libert�s et Territoires;LT
722170;Sophie;Beaudouin-Hubiere;Nouvelle-Aquitaine;Haute-Vienne;1;Sans profession d�clar�e;La R�publique en Marche;LaREM
719778;Fran�ois;Jolivet;Centre-Val de Loire;Indre;1;Cadre sup�rieur (secteur priv�);La R�publique en Marche;LaREM
720728;Jean-Paul;Mattei;Nouvelle-Aquitaine;Pyr�n�es-Atlantiques;2;Notaire;Mouvement D�mocrate (MoDem) et D�mocrates apparent�s;Dem
720738;Thierry;Michels;Grand Est;Bas-Rhin;1;Cadre sup�rieur (secteur priv�);La R�publique en Marche;LaREM
721916;Natalia;Pouzyreff;Ile-de-France;Yvelines;6;Ing�nieure;La R�publique en Marche;LaREM
719388;Anna�g;Le Meur;Bretagne;Finist�re;1;Autre profession lib�rale;La R�publique en Marche;LaREM
643004;Gr�gory;Labille;Hauts-de-France;Somme;5;Professeur des �coles;UDI et Ind�pendants;UDI-I
721792;�milie;Guerel;Provence-Alpes-C�te d'Azur;Var;7;Professeur du secondaire et techn.;La R�publique en Marche;LaREM
719404;Didier;Le Gac;Bretagne;Finist�re;3;Profession rattach�e � l'enseignement;La R�publique en Marche;LaREM
721542;Marie-Christine;Verdier-Jouclas;Occitanie;Tarn;2;Directrice d'agence bancaire;La R�publique en Marche;LaREM
421348;Andr�;Villiers;Bourgogne-Franche-Comt�;Yonne;2;Agriculteur-propri�taire exploitant;UDI et Ind�pendants;UDI-I
267200;S�bastien;Huyghe;Hauts-de-France;Nord;5;Notaire;Les R�publicains;LR
608826;Virginie;Duby-Muller;Auvergne-Rh�ne-Alpes;Haute-Savoie;4;Cadre du secteur priv�;Les R�publicains;LR
719052;Lo�c;Kervran;Centre-Val de Loire;Cher;3;Autre cadre (secteur priv�);La R�publique en Marche;LaREM
721458;Xavier;Roseren;Auvergne-Rh�ne-Alpes;Haute-Savoie;6;Commer�ant;La R�publique en Marche;LaREM
721210;Alexis;Corbi�re;Ile-de-France;Seine-Saint-Denis;7;Professeur de lyc�e professionnel;La France insoumise;FI
721932;Marie-France;Lorho;Provence-Alpes-C�te d'Azur;Vaucluse;4;D�l�gu�e m�dicale;Non inscrit;NI
720124;Aude;Amadou;Pays de la Loire;Loire-Atlantique;4;Ex-sportive de haut niveau;La R�publique en Marche;LaREM
721094;Philippe;Dunoyer;Nouvelle-Cal�donie;Nouvelle-Cal�donie;1;Fonctionnaire de cat�gorie A;UDI et Ind�pendants;UDI-I
718720;Jean-Paul;Dufr�gne;Auvergne-Rh�ne-Alpes;Allier;1;Conseiller d'entreprise;Gauche d�mocrate et r�publicaine;GDR
702052;Maina;Sage;Polyn�sie fran�aise;Polyn�sie Fran�aise;1;Consultant en communication;Agir ensemble;Agir ens
718736;B�n�dicte;Peyrol;Auvergne-Rh�ne-Alpes;Allier;3;Conseiller juridique;La R�publique en Marche;LaREM
722292;Thomas;Rudigoz;Auvergne-Rh�ne-Alpes;Rh�ne;1;Sans profession d�clar�e;La R�publique en Marche;LaREM
720870;Jean Fran�ois;Mbaye;Ile-de-France;Val-de-Marne;2;Juriste;La R�publique en Marche;LaREM
719770;Florian;Bachelier;Bretagne;Ille-et-Vilaine;8;Avocat;La R�publique en Marche;LaREM
722178;Jacques;Maire;Ile-de-France;Hauts-de-Seine;8;Fonctionnaire de cat�gorie A;La R�publique en Marche;LaREM
1327;Nicolas;Forissier;Centre-Val de Loire;Indre;2;Chef d'entreprise;Les R�publicains;LR
721908;Ya�l;Braun-Pivet;Ile-de-France;Yvelines;5;Avocate;La R�publique en Marche;LaREM
720746;Sylvain;Waserman;Grand Est;Bas-Rhin;2;Industriel-Chef d'entreprise;Mouvement D�mocrate (MoDem) et D�mocrates apparent�s;Dem
721924;Mich�le;de Vaucouleurs;Ile-de-France;Yvelines;7;Conseill�re en insertion professionnelle;Mouvement D�mocrate (MoDem) et D�mocrates apparent�s;Dem
721800;Fabien;Matras;Provence-Alpes-C�te d'Azur;Var;8;Enseignant vacataire Facult�;La R�publique en Marche;LaREM
719412;Sandrine;Le Feur;Bretagne;Finist�re;4;Agriculteur-propri�taire exploitant;La R�publique en Marche;LaREM
719326;S�verine;Gipson;Normandie;Eure;1;Cadre en certification;La R�publique en Marche;LaREM
720480;Charlotte;Lecocq;Hauts-de-France;Nord;6;Industriel-Chef d'entreprise;La R�publique en Marche;LaREM
702054;St�phane;Claireaux;Saint-Pierre-et-Miquelon;Saint-Pierre-et-Miquelon;1;Infographiste;La R�publique en Marche;LaREM
720492;Catherine;Osson;Hauts-de-France;Nord;8;Directrice d'�cole;La R�publique en Marche;LaREM
721450;Marion;Lenne;Auvergne-Rh�ne-Alpes;Haute-Savoie;5;Cheffe de projet;La R�publique en Marche;LaREM
719060;Christophe;Jerretie;Nouvelle-Aquitaine;Corr�ze;1;Profession lib�rale;Mouvement D�mocrate (MoDem) et D�mocrates apparent�s;Dem
923;Fran�ois;Cornut-Gentille;Grand Est;Haute-Marne;2;Cadre d'entreprise;Les R�publicains;LR
717379;Sylvain;Maillard;Ile-de-France;Paris;1;Industriel-Chef d'entreprise;La R�publique en Marche;LaREM
266793;Jean-Yves;Bony;Auvergne-Rh�ne-Alpes;Cantal;2;Exploitant agricole;Les R�publicains;LR
721218;Sylvie;Charri�re;Ile-de-France;Seine-Saint-Denis;8;Fonctionnaire de cat�gorie A;La R�publique en Marche;LaREM
721234;Maud;Petit;Ile-de-France;Val-de-Marne;4;Employ�e (secteur priv�);Mouvement D�mocrate (MoDem) et D�mocrates apparent�s;Dem
643175;Stella;Dupont;Pays de la Loire;Maine-et-Loire;2;Comptable;La R�publique en Marche;LaREM
720138;Laetitia;Saint-Paul;Pays de la Loire;Maine-et-Loire;4;Officier de l'arm�e de Terre;La R�publique en Marche;LaREM
718728;Laurence;Vanceunebrock;Auvergne-Rh�ne-Alpes;Allier;2;Fonctionnaire de cat�gorie B;La R�publique en Marche;LaREM
722284;Bruno;Fuchs;Grand Est;Haut-Rhin;6;Industriel-Chef d'entreprise;Mouvement D�mocrate (MoDem) et D�mocrates apparent�s;Dem
719436;Nicolas;Meizonnet;Occitanie;Gard;2;Ing�nieur en informatique;Non inscrit;NI
721110;Nicole;Sanquer;Polyn�sie fran�aise;Polyn�sie Fran�aise;2;Professeur du secondaire et technique;UDI et Ind�pendants;UDI-I
718744;Delphine;Bagarry;Provence-Alpes-C�te d'Azur;Alpes-de-Haute-Provence;1;M�decin;Non inscrit;NI
722300;Anissa;Khedher;Auvergne-Rh�ne-Alpes;Rh�ne;7;Cadre hospitalier;La R�publique en Marche;LaREM
720878;Laurent;Saint-Martin;Ile-de-France;Val-de-Marne;3;Cadre sup�rieur (secteur priv�);La R�publique en Marche;LaREM
346876;Thierry;Sol�re;Ile-de-France;Hauts-de-Seine;9;Cadre sup�rieur;La R�publique en Marche;LaREM
719790;Philippe;Chalumeau;Centre-Val de Loire;Indre-et-Loire;1;M�decin ;La R�publique en Marche;LaREM
720754;Bruno;Studer;Grand Est;Bas-Rhin;3;Professeur du secondaire et technique;La R�publique en Marche;LaREM
720764;Florence;Lasserre;Nouvelle-Aquitaine;Pyr�n�es-Atlantiques;5;Employ�e du secteur priv�;Mouvement D�mocrate (MoDem) et D�mocrates apparent�s;Dem
721808;Mich�le;Crouzet;Bourgogne-Franche-Comt�;Yonne;3;Co-g�rante d'entreprise en disponibilit�;Mouvement D�mocrate (MoDem) et D�mocrates apparent�s;Dem
719420;Denis;Sommer;Bourgogne-Franche-Comt�;Doubs;3;Professeur du secondaire et technique;La R�publique en Marche;LaREM
721864;Souad;Zitouni;Provence-Alpes-C�te d'Azur;Vaucluse;1;Avocate;La R�publique en Marche;LaREM
267330;Michel;Zumkeller;Bourgogne-Franche-Comt�;Territoire de Belfort;2;Comptable;UDI et Ind�pendants;UDI-I
605991;Annie;Genevard;Bourgogne-Franche-Comt�;Doubs;5;Professeur du secondaire ;Les R�publicains;LR
721568;Pierre;Person;Ile-de-France;Paris;6;Autre cadre (secteur priv�);La R�publique en Marche;LaREM
720500;Val�rie;Petit;Hauts-de-France;Nord;9;Enseignant chercheur ;Agir ensemble;Agir ens
330909;Vincent;Descoeur;Auvergne-Rh�ne-Alpes;Cantal;1;Professeur agr�g� de biologie;Les R�publicains;LR
333285;Guillaume;Garot;Pays de la Loire;Mayenne;1;Cadre administratif;Socialistes et apparent�s;SOC
721466;Gilles;Le Gendre;Ile-de-France;Paris;2;Industriel-Chef d'entreprise;La R�publique en Marche;LaREM
719072;Thomas;Mesnier;Nouvelle-Aquitaine;Charente;1;M�decin;La R�publique en Marche;LaREM
267042;Yannick;Favennec Becot;Pays de la Loire;Mayenne;3;Directeur de cabinet;Mouvement D�mocrate (MoDem) et D�mocrates apparent�s;Dem
721226;Sabine;Rubin;Ile-de-France;Seine-Saint-Denis;9;Fonctionnaire de cat�gorie A;La France insoumise;FI
746;Gilles;Carrez;Ile-de-France;Val-de-Marne;5;Fonctionnaire de l'�tat retrait�;Les R�publicains;LR
720146;Denis;Mass�glia;Pays de la Loire;Maine-et-Loire;5;Ing�nieur Arts et m�tiers;La R�publique en Marche;LaREM
721118;Moetai;Brotherson;Polyn�sie fran�aise;Polyn�sie Fran�aise;3;Autre profession;Gauche d�mocrate et r�publicaine;GDR
605036;Damien;Abad;Auvergne-Rh�ne-Alpes;Ain;5;Sans profession d�clar�e;Les R�publicains;LR
719922;Lionel;Causse;Nouvelle-Aquitaine;Landes;2;Autre cadre (secteur priv�);La R�publique en Marche;LaREM
719798;Daniel;Labaronne;Centre-Val de Loire;Indre-et-Loire;2;Ma�tre de conf�rences;La R�publique en Marche;LaREM
719814;Fabienne;Colboc;Centre-Val de Loire;Indre-et-Loire;4;Industriel-Chef d'entreprise;La R�publique en Marche;LaREM
1838;Jean;Lassalle;Nouvelle-Aquitaine;Pyr�n�es-Atlantiques;4;Technicien agricole;Libert�s et Territoires;LT
609726;Julien;Aubert;Provence-Alpes-C�te d'Azur;Vaucluse;5;Magistrat � la Cour des Comptes;Les R�publicains;LR
720772;Vincent;Bru;Nouvelle-Aquitaine;Pyr�n�es-Atlantiques;6;Professeur de facult�;Mouvement D�mocrate (MoDem) et D�mocrates apparent�s;Dem
721946;Jacques;Marilossian;Ile-de-France;Hauts-de-Seine;7;Cadre sup�rieur (secteur priv�);La R�publique en Marche;LaREM
720560;Perrine;Goulet;Bourgogne-Franche-Comt�;Ni�vre;1;Autre cadre (secteur priv�);Mouvement D�mocrate (MoDem) et D�mocrates apparent�s;Dem
642724;Fr�d�ric;Barbier;Bourgogne-Franche-Comt�;Doubs;4;Cadre en entreprise;La R�publique en Marche;LaREM
721824;Hugues;Renson;Ile-de-France;Paris;13;Cadre sup�rieur (entreprises publiques);La R�publique en Marche;LaREM
774954;Anne-Laure;Blin;Pays de la Loire;Maine-et-Loire;3;;Les R�publicains;LR
719020;Nathalie;Porte;Normandie;Calvados;3;Cadreur-monteur en vid�o;Les R�publicains;LR
1695;Christian;Jacob;Ile-de-France;Seine-et-Marne;4;Agriculteur;Les R�publicains;LR
748954;Antoine;Savignat;Ile-de-France;Val-d'Oise;1;Avocat;Les R�publicains;LR
712014;Vincent;Ledoux;Hauts-de-France;Nord;10;Enseignant;Agir ensemble;Agir ens
719918;Fabien;Lain�;Nouvelle-Aquitaine;Landes;1;Commercial;Mouvement D�mocrate (MoDem) et D�mocrates apparent�s;Dem
720256;G�raldine;Bannier;Pays de la Loire;Mayenne;2;Professeur du secondaire et technique;Mouvement D�mocrate (MoDem) et D�mocrates apparent�s;Dem
721474;St�phane;Viry;Grand Est;Vosges;1;Avocat;Les R�publicains;LR
719080;Sandra;Marsaud;Nouvelle-Aquitaine;Charente;2;Cadre (entreprises publiques);La R�publique en Marche;LaREM
720268;Olivier;Damaisin;Nouvelle-Aquitaine;Lot-et-Garonne;3;Repr�sentant de commerce;La R�publique en Marche;LaREM
721486;Christophe;Naegelen;Grand Est;Vosges;3;Industriel-Chef d'entreprise;UDI et Ind�pendants;UDI-I
721246;Albane;Gaillot;Ile-de-France;Val-de-Marne;11;Chef de projet digital;Non inscrit;NI
720154;Nicole;Dubr�-Chirat;Pays de la Loire;Maine-et-Loire;6;Retrait�e de la fonction publique hospitali�re et charg�e de formation;La R�publique en Marche;LaREM
720170;Carole;Grandjean;Grand Est;Meurthe-et-Moselle;1;Cadre sup�rieur (secteur priv�);La R�publique en Marche;LaREM
718756;Aude;Bono-Vandorme;Hauts-de-France;Aisne;1;Profession rattach�e � l'enseignement;La R�publique en Marche;LaREM
608741;Sylvie;Tolmont;Pays de la Loire;Sarthe;4;Cadre de la fonction publique consulaire;Socialistes et apparent�s;SOC
722312;Barbara;Bessot Ballot;Bourgogne-Franche-Comt�;Haute-Sa�ne;1;Cadre (entreprises publiques);La R�publique en Marche;LaREM
719930;Boris;Vallaud;Nouvelle-Aquitaine;Landes;3;Fonctionnaire de cat�gorie A;Socialistes et apparent�s;SOC
721126;Claire;Guion-Firmin;Saint-Barth�lemy et Saint-Martin;Saint-Barth�lemy et Saint-Martin;1;Directrice g�n�rale adjointe d'h�tel;Les R�publicains;LR
718768;Alexandra;Valetta Ardisson;Provence-Alpes-C�te d'Azur;Alpes-Maritimes;4;Coordinatrice am�nagement num�rique;La R�publique en Marche;LaREM
608416;Patrick;Hetzel;Grand Est;Bas-Rhin;7;Professeur des Universit�s;Les R�publicains;LR
759192;Jean-Luc;Poudroux;R�union;R�union;7;Retrait� de l'�ducation nationale;Les R�publicains;LR
720892;Mathilde;Panot;Ile-de-France;Val-de-Marne;10;Coordinatrice de projets associatifs;La France insoumise;FI
720908;Na�ma;Moutchou;Ile-de-France;Val-d'Oise;4;Avocat;La R�publique en Marche;LaREM
643192;Chantal;Jourdan;Normandie;Orne;1;Psychologue;Socialistes et apparent�s;SOC
719806;Sophie;Auconie;Centre-Val de Loire;Indre-et-Loire;3;Industriel-Chef d'entreprise;UDI et Ind�pendants;UDI-I
719822;Sabine;Thillaye;Centre-Val de Loire;Indre-et-Loire;5;Chef d'entreprise;Mouvement D�mocrate (MoDem) et D�mocrates apparent�s;Dem
345722;Constance;Le Grip;Ile-de-France;Hauts-de-Seine;6;Permanent politique;Les R�publicains;LR
720780;Jean-Bernard;Sempastous;Occitanie;Hautes-Pyr�n�es;1;Professeur du secondaire et technique;La R�publique en Marche;LaREM
719570;Catherine;Fabre;Nouvelle-Aquitaine;Gironde;2;Ma�tre de conf�rences des Universit�s;La R�publique en Marche;LaREM
720568;Agn�s;Thill;Hauts-de-France;Oise;2;Enseignant du 1er degr�-Directeur d'�cole;UDI et Ind�pendants;UDI-I
719440;Anthony;Cellier;Occitanie;Gard;3;Autre cadre (secteur priv�);La R�publique en Marche;LaREM
721584;Jean;Terlier;Occitanie;Tarn;3;Avocat;La R�publique en Marche;LaREM
721816;Ian;Boucard;Bourgogne-Franche-Comt�;Territoire de Belfort;1;Autre cadre (secteur priv�);Les R�publicains;LR
333818;Christian;Hutin;Hauts-de-France;Nord;13;M�decin g�n�raliste;Socialistes et apparent�s;SOC
856;G�rard;Cherpion;Grand Est;Vosges;2;Pharmacien;Les R�publicains;LR
1809;J�r�me;Lambert;Nouvelle-Aquitaine;Charente;3;Cadre de l'industrie;Socialistes et apparent�s;SOC
266788;Pierre;Morel-�-L'Huissier;Occitanie;Loz�re;1;Avocat;UDI et Ind�pendants;UDI-I
267324;Jean-Jacques;Gaultier;Grand Est;Vosges;4;M�decin biologiste;Les R�publicains;LR
719092;Fr�d�rique;Tuffnell;Nouvelle-Aquitaine;Charente-Maritime;2;Cadre (entreprises publiques);Non inscrit;NI
721270;St�phane;Peu;Ile-de-France;Seine-Saint-Denis;2;Employ� administratif;Gauche d�mocrate et r�publicaine;GDR
720162;Philippe;Bolo;Pays de la Loire;Maine-et-Loire;7;Ing�nieur;Mouvement D�mocrate (MoDem) et D�mocrates apparent�s;Dem
720178;Laurent;Garcia;Grand Est;Meurthe-et-Moselle;2;Ing�nieur;Mouvement D�mocrate (MoDem) et D�mocrates apparent�s;Dem
712015;Julien;Dive;Hauts-de-France;Aisne;2;Chef de projet dans l'industrie;Les R�publicains;LR
722320;Christophe;Lejeune;Bourgogne-Franche-Comt�;Haute-Sa�ne;2;Courtier en assurances;La R�publique en Marche;LaREM
721134;Roland;Lescure;Fran�ais �tablis hors de France;Fran�ais �tablis hors de France;1;Cadre sup�rieur (secteur priv�);La R�publique en Marche;LaREM
713448;Marine;Brenier;Provence-Alpes-C�te d'Azur;Alpes-Maritimes;5;Juriste;Les R�publicains;LR
266776;Fr�d�ric;Reiss;Grand Est;Bas-Rhin;8;Agr�g� de math�matiques;Les R�publicains;LR
720900;C�cile;Rilhac;Ile-de-France;Val-d'Oise;3;Profession rattach�e � l'enseignement;La R�publique en Marche;LaREM
720916;Fiona;Lazaar;Ile-de-France;Val-d'Oise;5;Cadre d'entreprise;La R�publique en Marche;LaREM
719830;Nicolas;D�moulin;Occitanie;H�rault;8;G�rant d'une agence de commucation;La R�publique en Marche;LaREM
608292;Jeanine;Dubi�;Occitanie;Hautes-Pyr�n�es;2;Fonctionnaire de cat�gorie A;Libert�s et Territoires;LT
342240;Jean-Luc;Bourgeaux;Bretagne;Ille-et-Vilaine;7;Agriculteur;Les R�publicains;LR
721960;Dani�le;Obono;Ile-de-France;Paris;17;Biblioth�caire;La France insoumise;FI
719578;Lo�c;Prud'homme;Nouvelle-Aquitaine;Gironde;3;Fonctionnaire de cat�gorie B;La France insoumise;FI
720576;Pascal;Bois;Hauts-de-France;Oise;3;Autre cadre (secteur priv�);La R�publique en Marche;LaREM
721836;Jean-No�l;Barrot;Ile-de-France;Yvelines;2;Professeur de facult�;Mouvement D�mocrate (MoDem) et D�mocrates apparent�s;Dem
719448;Annie;Chapelier;Occitanie;Gard;4;Infirmi�re anesth�siste;Agir ensemble;Agir ens
719464;S�bastien;Nadot;Occitanie;Haute-Garonne;10;Professeur du secondaire et technique;Non inscrit;NI
609590;Val�rie;Rabault;Occitanie;Tarn-et-Garonne;1;Ing�nieure;Socialistes et apparent�s;SOC
643089;Jean-Louis;Thi�riot;Ile-de-France;Seine-et-Marne;3;Avocat;Les R�publicains;LR
722218;C�cile;Delpirou;Hauts-de-France;Somme;2;Ing�nieure m�canicienne;La R�publique en Marche;LaREM
721600;Laurianne;Rossi;Ile-de-France;Hauts-de-Seine;11;Cadre (entreprises publiques);La R�publique en Marche;LaREM
720520;Anne-Laure;Cattelot;Hauts-de-France;Nord;12;Conseill�re D�veloppement �conomique;La R�publique en Marche;LaREM
642868;Paul;Christophe;Hauts-de-France;Nord;14;Fonctionnaire de cat�gorie A;Agir ensemble;Agir ens
605694;Olivier;Falorni;Nouvelle-Aquitaine;Charente-Maritime;1;Professeur du secondaire;Libert�s et Territoires;LT
720278;Matthieu;Orphelin;Pays de la Loire;Maine-et-Loire;1;Cadre sup�rieur (entreprises publiques);Non inscrit;NI
721498;Stanislas;Guerini;Ile-de-France;Paris;3;Cadre sup�rieur (secteur priv�);La R�publique en Marche;LaREM
719100;Jean-Philippe;Ardouin;Nouvelle-Aquitaine;Charente-Maritime;3;Chef d'entreprise;La R�publique en Marche;LaREM
333421;Bertrand;Pancher;Grand Est;Meuse;1;Directeur du d�veloppement;Libert�s et Territoires;LT
721262;Guillaume;Vuilletet;Ile-de-France;Val-d'Oise;2;Cadre sup�rieur (secteur priv�);La R�publique en Marche;LaREM
721278;Patrice;Anato;Ile-de-France;Seine-Saint-Denis;3;Consultant;La R�publique en Marche;LaREM
266797;Philippe;Gosselin;Normandie;Manche;1;Ma�tre de conf�rences � Sciences Po;Les R�publicains;LR
719946;Guillaume;Peltier;Centre-Val de Loire;Loir-et-Cher;2;Autre cadre (secteur priv�);Les R�publicains;LR
721142;Paula;Forteza;Fran�ais �tablis hors de France;Fran�ais �tablis hors de France;2;Cadre sup�rieur (secteur priv�);Non inscrit;NI
718780;Laurence;Trastour-Isnart;Provence-Alpes-C�te d'Azur;Alpes-Maritimes;6;R�dacteur territorial;Les R�publicains;LR
722336;Vincent;Thi�baut;Grand Est;Bas-Rhin;9;Autre cadre (secteur priv�);La R�publique en Marche;LaREM
332614;R�gis;Juanico;Auvergne-Rh�ne-Alpes;Loire;1;Fonctionnaire territorial;Socialistes et apparent�s;SOC
721158;Pieyre-Alexandre;Anglade;Fran�ais �tablis hors de France;Fran�ais �tablis hors de France;4;Agent contractuel au Parlement europ�en;La R�publique en Marche;LaREM
606639;Patrick;Vignal;Occitanie;H�rault;9;Industriel-Chef d'entreprise;La R�publique en Marche;LaREM
719850;Cendra;Motin;Auvergne-Rh�ne-Alpes;Is�re;6;Autre profession lib�rale;La R�publique en Marche;LaREM
720790;Romain;Grau;Occitanie;Pyr�n�es-Orientales;1;Industriel-Chef d'entreprise;La R�publique en Marche;LaREM
721968;Michel;Vialay;Ile-de-France;Yvelines;8;Cadre sup�rieur (secteur priv�);Les R�publicains;LR
1008;Alain;David;Nouvelle-Aquitaine;Gironde;4;Ing�nieur;Socialistes et apparent�s;SOC
720806;Laurence;Gayte;Occitanie;Pyr�n�es-Orientales;3;Cadre sup�rieur (secteur priv�);La R�publique en Marche;LaREM
721984;Philippe;Latombe;Pays de la Loire;Vend�e;1;Cadre sup�rieur (secteur priv�);Mouvement D�mocrate (MoDem) et D�mocrates apparent�s;Dem
2960;�ric;Woerth;Hauts-de-France;Oise;4;Associ� dans un cabinet d'audit international;Les R�publicains;LR
720590;Benoit;Potterie;Hauts-de-France;Pas-de-Calais;8;Opticien audioproth�siste;Agir ensemble;Agir ens
719456;Sandrine;M�rch;Occitanie;Haute-Garonne;9;Journaliste et autre m�dia;La R�publique en Marche;LaREM
719472;Jean-Ren�;Cazeneuve;Occitanie;Gers;1;Ing�nieur;La R�publique en Marche;LaREM
336175;Sylvia;Pinel;Occitanie;Tarn-et-Garonne;2;;Libert�s et Territoires;LT
721608;Jean-Louis;Bourlanges;Ile-de-France;Hauts-de-Seine;12;Retrait� de la fonction publique;Mouvement D�mocrate (MoDem) et D�mocrates apparent�s;Dem
719230;Yannick;Kerlogot;Bretagne;C�tes-d'Armor;4;Enseignant du 1er degr�;La R�publique en Marche;LaREM
720538;Jennifer;De Temmerman;Hauts-de-France;Nord;15;Profession rattach�e � l'enseignement;Libert�s et Territoires;LT
720286;Caroline;Fiat;Grand Est;Meurthe-et-Moselle;6;Salari�e du secteur m�dical;La France insoumise;FI
721506;Brigitte;Kuster;Ile-de-France;Paris;4;Sans profession d�clar�e;Les R�publicains;LR
719108;Rapha�l;G�rard;Nouvelle-Aquitaine;Charente-Maritime;4;Cadre sup�rieur (secteur priv�);La R�publique en Marche;LaREM
720298;�milie;Cariou;Grand Est;Meuse;2;Fonctionnaire de cat�gorie A;Non inscrit;NI
721286;Alain;Ramadier;Ile-de-France;Seine-Saint-Denis;10;Cadre bancaire;Les R�publicains;LR
720190;Bertrand;Sorre;Normandie;Manche;2;Enseignant 1er degr�-directeur d'�cole (en disponibilit�);La R�publique en Marche;LaREM
720202;Sonia;Krimi;Normandie;Manche;4;Cadre sup�rieur (secteur priv�);La R�publique en Marche;LaREM
721150;Alexandre;Holroyd;Fran�ais �tablis hors de France;Fran�ais �tablis hors de France;3;Sans profession d�clar�e;La R�publique en Marche;LaREM
718784;�ric;Pauget;Provence-Alpes-C�te d'Azur;Alpes-Maritimes;7;Autre cadre (secteur priv�);Les R�publicains;LR
722344;Hubert;Julien-Laferri�re;Auvergne-Rh�ne-Alpes;Rh�ne;2;Professeur certifi� de SES;Non inscrit;NI
719952;Jean-Michel;Mis;Auvergne-Rh�ne-Alpes;Loire;2;Autre cadre (secteur priv�);La R�publique en Marche;LaREM
718794;Dani�le;H�rin;Occitanie;Aude;1;Retrait�e professeur d'universit� - ancienne pr�sidente d'universit�;La R�publique en Marche;LaREM
2377;Bernard;Perrut;Auvergne-Rh�ne-Alpes;Rh�ne;9;Ancien avocat;Les R�publicains;LR
720932;Dominique;Da Silva;Ile-de-France;Val-d'Oise;7;Industriel-Chef d'entreprise;La R�publique en Marche;LaREM
720944;Zivka;Park;Ile-de-France;Val-d'Oise;9;Autre cadre (secteur priv�);La R�publique en Marche;LaREM
719842;Mustapha;Laabid;Bretagne;Ille-et-Vilaine;1;Directeur de fondation;La R�publique en Marche;LaREM
719858;Monique;Limon;Auvergne-Rh�ne-Alpes;Is�re;7;Retrait�e Fonction publique territoriale;La R�publique en Marche;LaREM
721976;Bruno;Millienne;Ile-de-France;Yvelines;9;Cadre sup�rieur (secteur priv�);Mouvement D�mocrate (MoDem) et D�mocrates apparent�s;Dem
719592;Benoit;Simian;Nouvelle-Aquitaine;Gironde;5;Responsable formation - Cadre en ressources humaines;Libert�s et Territoires;LT
720814;S�bastien;Cazenove;Occitanie;Pyr�n�es-Orientales;4;Fonctionnaire territorial;La R�publique en Marche;LaREM
720246;Sylvain;Templier;Grand Est;Haute-Marne;1;Ost�opathe;La R�publique en Marche;LaREM
719608;Emmanuelle;M�nard;Occitanie;H�rault;6;Journaliste et autre m�dia;Non inscrit;NI
720586;Pierre;Vatin;Hauts-de-France;Oise;5;Permanent politique;Les R�publicains;LR
720598;Marguerite;Deprez-Audebert;Hauts-de-France;Pas-de-Calais;9;Retrait�e salari�e (secteur priv�);Mouvement D�mocrate (MoDem) et D�mocrates apparent�s;Dem
719480;Olivier;Gaillard;Occitanie;Gard;5;Fonctionnaire de cat�gorie A;Non inscrit;NI
721616;Pac�me;Rupin;Ile-de-France;Paris;7;Entrepreneur;La R�publique en Marche;LaREM
642695;�ric;Bothorel;Bretagne;C�tes-d'Armor;5;Cadre sup�rieur (secteur priv�);La R�publique en Marche;LaREM
719736;Camille;Galliard-Minier;Auvergne-Rh�ne-Alpes;Is�re;1;;La R�publique en Marche;LaREM
720546;Alain;Bruneel;Hauts-de-France;Nord;16;Retrait� salari� priv�;Gauche d�mocrate et r�publicaine;GDR
721514;St�phanie;Kerbarh;Normandie;Seine-Maritime;9;Industriel-Chef d'entreprise;La R�publique en Marche;LaREM
2492;Didier;Quentin;Nouvelle-Aquitaine;Charente-Maritime;5;Diplomate de carri�re (ministre pl�nipotentiaire en retraite);Les R�publicains;LR
607595;Herv�;Pellois;Bretagne;Morbihan;1;Cadre sup�rieur du secteur priv�;La R�publique en Marche;LaREM
330788;Bernard;Reyn�s;Provence-Alpes-C�te d'Azur;Bouches-du-Rh�ne;15;Chirurgien-Dentiste;Les R�publicains;LR
588884;Cl�mentine;Autain;Ile-de-France;Seine-Saint-Denis;11;Journaliste et autre m�dia;La France insoumise;FI
672;Jean-Jacques;Bridey;Ile-de-France;Val-de-Marne;7;Cadre sup�rieur du secteur priv�;La R�publique en Marche;LaREM
720210;Val�rie;Beauvais;Grand Est;Marne;1;Sans profession d�clar�e;Les R�publicains;LR
223837;Bernard;Brochand;Provence-Alpes-C�te d'Azur;Alpes-Maritimes;8;Cadre du secteur priv� retrait�;Les R�publicains;LR
334768;Jean-Louis;Touraine;Auvergne-Rh�ne-Alpes;Rh�ne;3;Professeur de m�decine;La R�publique en Marche;LaREM
719960;Val�ria;Faure-Muntian;Auvergne-Rh�ne-Alpes;Loire;3;Agent d'assurances;La R�publique en Marche;LaREM
721174;Joachim;Son-Forget;Fran�ais �tablis hors de France;Fran�ais �tablis hors de France;6;M�decin;Non inscrit;NI
718802;Alain;Perea;Occitanie;Aude;2;Fonctionnaire de cat�gorie A;La R�publique en Marche;LaREM
722358;Thomas;Gassilloud;Auvergne-Rh�ne-Alpes;Rh�ne;10;Industriel-Chef d'entreprise;Agir ensemble;Agir ens
719972;Nathalie;Sarles;Auvergne-Rh�ne-Alpes;Loire;5;Salari�e du secteur m�dical;La R�publique en Marche;LaREM
405480;Fran�ois;Pupponi;Ile-de-France;Val-d'Oise;8;Administrateur des Finances publiques adjoint;Libert�s et Territoires;LT
720952;Aur�lien;Tach�;Ile-de-France;Val-d'Oise;10;Fonctionnaire de cat�gorie A;Non inscrit;NI
719866;Caroline;Abadie;Auvergne-Rh�ne-Alpes;Is�re;8;Industriel-Chef entreprise;La R�publique en Marche;LaREM
719600;�ric;Poulliat;Nouvelle-Aquitaine;Gironde;6;Fonctionnaire de cat�gorie B;La R�publique en Marche;LaREM
720822;Bruno;Bilde;Hauts-de-France;Pas-de-Calais;12;Juriste;Non inscrit;NI
720488;Val�rie;Six;Hauts-de-France;Nord;7;Pharmacienne;UDI et Ind�pendants;UDI-I
720928;David;Corceiro;Ile-de-France;Val-d'Oise;6;Responsable commercial (sant� dentaire);Mouvement D�mocrate (MoDem) et D�mocrates apparent�s;Dem
722000;St�phane;Buchou;Pays de la Loire;Vend�e;3;Cadre sup�rieur (secteur priv�);La R�publique en Marche;LaREM
719616;Christophe;Euzet;Occitanie;H�rault;7;Ma�tre de conf�rences en droit public � l'Universit�;Agir ensemble;Agir ens
689;Marie-George;Buffet;Ile-de-France;Seine-Saint-Denis;4;Employ�e;Gauche d�mocrate et r�publicaine;GDR
720606;Ludovic;Pajot;Hauts-de-France;Pas-de-Calais;10;Sans profession d�clar�e;Non inscrit;NI
719488;Philippe;Berta;Occitanie;Gard;6;Professeur de facult�;Mouvement D�mocrate (MoDem) et D�mocrates apparent�s;Dem
719504;Jean-Luc;Lagleize;Occitanie;Haute-Garonne;2;Conseiller patrimonial;Mouvement D�mocrate (MoDem) et D�mocrates apparent�s;Dem
721624;Laetitia;Avia;Ile-de-France;Paris;8;Avocate;La R�publique en Marche;LaREM
719242;Jean-Baptiste;Moreau;Nouvelle-Aquitaine;Creuse;1;Agriculteur-propri�taire exploitant;La R�publique en Marche;LaREM
721636;Jean-Fran�ois;Parigi;Ile-de-France;Seine-et-Marne;6;Autre profession;Les R�publicains;LR
720552;Isabelle;Rauch;Grand Est;Moselle;9;Consultante;La R�publique en Marche;LaREM
719118;Fran�ois;Cormier-Bouligeon;Centre-Val de Loire;Cher;1;Conseiller minist�riel;La R�publique en Marche;LaREM
720310;Christophe;Arend;Grand Est;Moselle;6;Dentiste;La R�publique en Marche;LaREM
719130;Monica;Michel;Provence-Alpes-C�te d'Azur;Bouches-du-Rh�ne;16;Directrice commerciale;La R�publique en Marche;LaREM
720326;Brahim;Hammouche;Grand Est;Moselle;8;M�decin;Mouvement D�mocrate (MoDem) et D�mocrates apparent�s;Dem
721296;Guillaume;Gouffier-Cha;Ile-de-France;Val-de-Marne;6;Manager public;La R�publique en Marche;LaREM
1630;Michel;Herbillon;Ile-de-France;Val-de-Marne;8;Cadre sup�rieur;Les R�publicains;LR
718918;Alexandra;Louis;Provence-Alpes-C�te d'Azur;Bouches-du-Rh�ne;3;Avocat;La R�publique en Marche;LaREM
720214;Aina;Kuric;Grand Est;Marne;2;Chef d'entreprise dans l'ﾜnologie;Agir ensemble;Agir ens
267429;Dino;Cinieri;Auvergne-Rh�ne-Alpes;Loire;4;Consultant s�curit�;Les R�publicains;LR
721182;Fr�d�ric;Petit;Fran�ais �tablis hors de France;Fran�ais �tablis hors de France;7;Ing�nieur;Mouvement D�mocrate (MoDem) et D�mocrates apparent�s;Dem
718810;Mireille;Robert;Occitanie;Aude;3;Enseignante 1er degr�-directrice d'�cole;La R�publique en Marche;LaREM
722366;Jean-Luc;Fugit;Auvergne-Rh�ne-Alpes;Rh�ne;11;Professeur de facult�;La R�publique en Marche;LaREM
719980;Julien;Borowczyk;Auvergne-Rh�ne-Alpes;Loire;6;M�decin;La R�publique en Marche;LaREM
720960;Olivier;Serva;Guadeloupe;Guadeloupe;1;Expert comptable;La R�publique en Marche;LaREM
719874;�lodie;Jacquier-Laforge;Auvergne-Rh�ne-Alpes;Is�re;9;Cadre sup�rieur (secteur priv�);Mouvement D�mocrate (MoDem) et D�mocrates apparent�s;Dem
719890;Danielle;Brulebois;Bourgogne-Franche-Comt�;Jura;1;Retrait�e de l'enseignement;La R�publique en Marche;LaREM
720830;Val�rie;Thomas;Auvergne-Rh�ne-Alpes;Puy-de-D�me;1;Autre profession lib�rale;La R�publique en Marche;LaREM
721576;Sylvie;Bouchet Bellecourt;Ile-de-France;Seine-et-Marne;2;Infirmi�re lib�rale;Les R�publicains;LR
720006;Luc;Geismar;Pays de la Loire;Loire-Atlantique;5;Directeur r�gional des ventes;Mouvement D�mocrate (MoDem) et D�mocrates apparent�s;Dem
722008;Martine;Leguille-Balloy;Pays de la Loire;Vend�e;4;Avocat;La R�publique en Marche;LaREM
719624;B�rang�re;Couillard;Nouvelle-Aquitaine;Gironde;7;Autre cadre (secteur priv�);La R�publique en Marche;LaREM
268019;Jean-Christophe;Lagarde;Ile-de-France;Seine-Saint-Denis;5;Attach� de direction;UDI et Ind�pendants;UDI-I
267337;Claire;Bouchet;Provence-Alpes-C�te d'Azur;Hautes-Alpes;2;Employ�e de la fonction publique retrait�e;La R�publique en Marche;LaREM
720614;Marine;Le Pen;Hauts-de-France;Pas-de-Calais;11;Avocate;Non inscrit;NI
267289;Jean-Pierre;Door;Centre-Val de Loire;Loiret;4;Cardiologue;Les R�publicains;LR
720630;Maxime;Minot;Hauts-de-France;Oise;7;Employ� (secteur priv�);Les R�publicains;LR
719496;Pierre;Cabar�;Occitanie;Haute-Garonne;1;Artisan;La R�publique en Marche;LaREM
719512;Corinne;Vignon;Occitanie;Haute-Garonne;3;Cadre sup�rieur (secteur priv�);La R�publique en Marche;LaREM
719250;Philippe;Chassaing;Nouvelle-Aquitaine;Dordogne;1;Professeur du secondaire ;La R�publique en Marche;LaREM
721644;Rodrigue;Kokouendo;Ile-de-France;Seine-et-Marne;7;Autre cadre (secteur priv�);La R�publique en Marche;LaREM
719266;Jean-Pierre;Cubertafon;Nouvelle-Aquitaine;Dordogne;3;Retrait� des professions lib�rales;Mouvement D�mocrate (MoDem) et D�mocrates apparent�s;Dem
760658;Francis;Chouat;Ile-de-France;Essonne;1;Retrait�;La R�publique en Marche;LaREM
720318;H�l�ne;Zannier;Grand Est;Moselle;7;Fonctionnaire de cat�gorie A;La R�publique en Marche;LaREM
719138;Michel;Castellani;Corse;Haute-Corse;1;Professeur des Universit�s;Libert�s et Territoires;LT
720334;Jimmy;Pahun;Bretagne;Morbihan;2;Navigateur;Mouvement D�mocrate (MoDem) et D�mocrates apparent�s;Dem
2529;Jean-Luc;Reitzer;Grand Est;Haut-Rhin;3;Cadre d'entreprise charg� des relations sociales;Les R�publicains;LR
718926;Pierre;Dharr�ville;Provence-Alpes-C�te d'Azur;Bouches-du-Rh�ne;13;Employ� (secteur priv�);Gauche d�mocrate et r�publicaine;GDR
720222;�ric;Girardin;Grand Est;Marne;3;Industriel-Chef d'entreprise;La R�publique en Marche;LaREM
695100;Meyer;Habib;Fran�ais �tablis hors de France;Fran�ais �tablis hors de France;8;Ing�nieur;UDI et Ind�pendants;UDI-I
677483;St�phane;Mazars;Occitanie;Aveyron;1;Avocat;La R�publique en Marche;LaREM
722374;Cyrille;Isaac-Sibille;Auvergne-Rh�ne-Alpes;Rh�ne;12;M�decin;Mouvement D�mocrate (MoDem) et D�mocrates apparent�s;Dem
721996;Patrick;Loiseau;Pays de la Loire;Vend�e;2;Cadre sup�rieur de la fonction publique territoriale;Mouvement D�mocrate (MoDem) et D�mocrates apparent�s;Dem
643134;Isabelle;Valentin;Auvergne-Rh�ne-Alpes;Haute-Loire;1;Salari�e agricole;Les R�publicains;LR
340343;Herv�;Saulignac;Auvergne-Rh�ne-Alpes;Ard�che;1;Cadre (entreprises publiques);Socialistes et apparent�s;SOC
722390;Josiane;Corneloup;Bourgogne-Franche-Comt�;Sa�ne-et-Loire;2;Pharmacienne;Les R�publicains;LR
720968;Justine;Benin;Guadeloupe;Guadeloupe;2;Fonctionnaire de cat�gorie B;Mouvement D�mocrate (MoDem) et D�mocrates apparent�s;Dem
643145;H�l�ne;Vainqueur-Christophe;Guadeloupe;Guadeloupe;4;Pharmacienne;Socialistes et apparent�s;SOC
719882;Marjolaine;Meynier-Millefert;Auvergne-Rh�ne-Alpes;Is�re;10;Consultante;La R�publique en Marche;LaREM
332523;Marie-Christine;Dalloz;Bourgogne-Franche-Comt�;Jura;2;Autre profession;Les R�publicains;LR
721768;Marie;Silin;Ile-de-France;Paris;12;Cadre en entreprise;La R�publique en Marche;LaREM
719632;Sophie;Panonacle;Nouvelle-Aquitaine;Gironde;8;Sans profession d�clar�e;La R�publique en Marche;LaREM
720846;Bastien;Lachaud;Ile-de-France;Seine-Saint-Denis;6;Professeur du secondaire et technique;La France insoumise;FI
722022;La�titia;Romeiro Dias;Ile-de-France;Essonne;3;Juriste;La R�publique en Marche;LaREM
606507;Florent;Boudi�;Nouvelle-Aquitaine;Gironde;10;Cadre sup�rieur du secteur public;La R�publique en Marche;LaREM
720622;Carole;Bureau-Bonnard;Hauts-de-France;Oise;6;Masseur-kin�sith�rapeute;La R�publique en Marche;LaREM
719520;Micka�l;Nogal;Occitanie;Haute-Garonne;4;Autre profession lib�rale;La R�publique en Marche;LaREM
719258;Michel;Delpon;Nouvelle-Aquitaine;Dordogne;2;Retrait� salari� du priv�;La R�publique en Marche;LaREM
267378;Genevi�ve;Levy;Provence-Alpes-C�te d'Azur;Var;1;Expert foncier et commercial;Les R�publicains;LR
719272;Fr�d�rique;Meunier;Nouvelle-Aquitaine;Corr�ze;2;Avocate;Les R�publicains;LR
719146;Jean-F�lix;Acquaviva;Corse;Haute-Corse;2;Cadre;Libert�s et Territoires;LT
720342;Nicole;Le Peih;Bretagne;Morbihan;3;Agriculteur-propri�taire exploitant;La R�publique en Marche;LaREM
719162;Jacqueline;Dubois;Nouvelle-Aquitaine;Dordogne;4;Retrait�e de l'enseignement;La R�publique en Marche;LaREM
721314;Rapha�l;Schellenberger;Grand Est;Haut-Rhin;4;Attach� Parlementaire;Les R�publicains;LR
718930;Anne-Laurence;Petel;Provence-Alpes-C�te d'Azur;Bouches-du-Rh�ne;14;Charg�e des relations ext�rieures - secteur t�l�com;La R�publique en Marche;LaREM
721328;Anne;Brugnera;Auvergne-Rh�ne-Alpes;Rh�ne;4;Fonctionnaire de cat�gorie A;La R�publique en Marche;LaREM
721632;Patricia;Lemoine;Ile-de-France;Seine-et-Marne;5;agent immobilier;Agir ensemble;Agir ens
720230;Lise;Magnier;Grand Est;Marne;4;cadre territorial;Agir ensemble;Agir ens
267794;Mich�le;Tabarot;Provence-Alpes-C�te d'Azur;Alpes-Maritimes;9;Chef d'entreprise;Les R�publicains;LR
722382;Benjamin;Dirx;Bourgogne-Franche-Comt�;Sa�ne-et-Loire;1;Industriel-Chef d'entreprise;La R�publique en Marche;LaREM
342415;Marie-No�lle;Battistel;Auvergne-Rh�ne-Alpes;Is�re;4;Autre cadre (secteur priv�);Socialistes et apparent�s;SOC
722398;R�my;Rebeyrotte;Bourgogne-Franche-Comt�;Sa�ne-et-Loire;3;Professeur d'�conomie;La R�publique en Marche;LaREM
720976;Max;Mathiasin;Guadeloupe;Guadeloupe;3;Fonction publique territoriale;Mouvement D�mocrate (MoDem) et D�mocrates apparent�s;Dem
720988;Josette;Manin;Martinique;Martinique;1;Retrait�e salari�e (secteur priv�);Socialistes et apparent�s;SOC
267204;Jean-Marie;Sermier;Bourgogne-Franche-Comt�;Jura;3;Ancien viticulteur;Les R�publicains;LR
719640;Sophie;Mette;Nouvelle-Aquitaine;Gironde;9;Sans profession d�clar�e;Mouvement D�mocrate (MoDem) et D�mocrates apparent�s;Dem
720854;St�phane;Test�;Ile-de-France;Seine-Saint-Denis;12;Enseignant du 1er d�gr�-Directeur d'�cole;La R�publique en Marche;LaREM
722030;Pierre-Yves;Bournazel;Ile-de-France;Paris;18;Ancien auto-entrepreneur;Agir ensemble;Agir ens
719652;V�ronique;Hammerer;Nouvelle-Aquitaine;Gironde;11;Fonctionnaire de cat�gorie A;La R�publique en Marche;LaREM
